{
	"textures": {
		"particle": "hay_straw"
	},
	"elements": [
		{
			"name": "cube_1",
			"from": [0, 0, 8],
			"to": [16, 0, 16],
			"rotation": {"angle": -22.5, "axis": "x", "origin": [8, 0, 8]},
			"faces": {
				"north": {"uv": [0, 0, 16, 0], "texture": "#hay_straw"},
				"east": {"uv": [0, 0, 8, 0], "texture": "#hay_straw"},
				"south": {"uv": [0, 0, 16, 0], "texture": "#hay_straw"},
				"west": {"uv": [0, 0, 8, 0], "texture": "#hay_straw"},
				"up": {"uv": [0, 8, 16, 16], "texture": "#hay_straw"},
				"down": {"uv": [0, 0, 16, 8], "texture": "#hay_straw"}
			}
		},
		{
			"name": "cube_2",
			"from": [0, 0, 0],
			"to": [16, 0, 8],
			"rotation": {"angle": 22.5, "axis": "x", "origin": [8, 0, 8]},
			"faces": {
				"north": {"uv": [0, 0, 16, 0], "texture": "#hay_straw"},
				"east": {"uv": [0, 0, 8, 0], "texture": "#hay_straw"},
				"south": {"uv": [0, 0, 16, 0], "texture": "#hay_straw"},
				"west": {"uv": [0, 0, 8, 0], "texture": "#hay_straw"},
				"up": {"uv": [16, 16, 0, 8], "texture": "#hay_straw"},
				"down": {"uv": [16, 8, 0, 0], "texture": "#hay_straw"}
			}
		},
		{
			"name": "cube_3",
			"from": [0, 0, 0],
			"to": [8, 0, 16],
			"rotation": {"angle": -22.5, "axis": "z", "origin": [8, 0, 8]},
			"faces": {
				"north": {"uv": [0, 0, 8, 0], "texture": "#hay_straw"},
				"east": {"uv": [0, 0, 16, 0], "texture": "#hay_straw"},
				"south": {"uv": [0, 0, 8, 0], "texture": "#hay_straw"},
				"west": {"uv": [0, 0, 16, 0], "texture": "#hay_straw"},
				"up": {"uv": [0, 8, 16, 16], "rotation": 90, "texture": "#hay_straw"},
				"down": {"uv": [0, 0, 16, 8], "rotation": 270, "texture": "#hay_straw"}
			}
		},
		{
			"name": "cube_4",
			"from": [8, 0, 0],
			"to": [16, 0, 16],
			"rotation": {"angle": 22.5, "axis": "z", "origin": [8, 0, 8]},
			"faces": {
				"north": {"uv": [0, 0, 8, 0], "texture": "#hay_straw"},
				"east": {"uv": [0, 0, 16, 0], "texture": "#hay_straw"},
				"south": {"uv": [0, 0, 8, 0], "texture": "#hay_straw"},
				"west": {"uv": [0, 0, 16, 0], "texture": "#hay_straw"},
				"up": {"uv": [16, 16, 0, 8], "rotation": 90, "texture": "#hay_straw"},
				"down": {"uv": [16, 8, 0, 0], "rotation": 270, "texture": "#hay_straw"}
			}
		}
	],
	"display": {
		"thirdperson_righthand": {
			"rotation": [75, 45, 0],
			"translation": [0, 2.5, 2],
			"scale": [0.375, 0.375, 0.375]
		},
		"thirdperson_lefthand": {
			"rotation": [75, 45, 0],
			"translation": [0, 2.5, 2],
			"scale": [0.375, 0.375, 0.375]
		},
		"firstperson_righthand": {
			"rotation": [0, 45, 0],
			"translation": [0, 2, 0],
			"scale": [0.4, 0.4, 0.4]
		},
		"firstperson_lefthand": {
			"rotation": [0, 225, 0],
			"translation": [0, 2, 0],
			"scale": [0.4, 0.4, 0.4]
		},
		"ground": {
			"translation": [0, 3, 0],
			"scale": [0.25, 0.25, 0.25]
		},
		"gui": {
			"rotation": [30, 225, 0],
			"scale": [0.625, 0.625, 0.625]
		},
		"head": {
			"translation": [0, 14.5, 0]
		},
		"fixed": {
			"rotation": [-90, 0, 0],
			"translation": [0, 0, -3.25],
			"scale": [0.5, 0.5, 0.5]
		}
	}
}