{
	"textures": {
		"particle": "fertile_soil",
		"stones": "stones_0",
		"weeds": "weeds_0"
	},
	"elements": [
		{
			"name": "weeds_0",
			"from": [-8, 12, 8],
			"to": [8, 28, 8],
			"rotation": {"angle": 45, "axis": "y", "origin": [0, 0, 0], "rescale": true},
			"faces": {
				"north": {"uv": [0, 0, 16, 16], "texture": "#weeds"},
				"east": {"uv": [0, 0, 0, 16], "texture": "#weeds"},
				"south": {"uv": [0, 0, 16, 16], "texture": "#weeds"},
				"west": {"uv": [0, 0, 0, 16], "texture": "#weeds"},
				"up": {"uv": [0, 0, 16, 0], "texture": "#weeds"},
				"down": {"uv": [0, 0, 16, 0], "texture": "#weeds"}
			}
		},
		{
			"name": "weeds_1",
			"from": [0.1, 12, 0],
			"to": [16.1, 28, 0],
			"rotation": {"angle": -45, "axis": "y", "origin": [0, 0, 0], "rescale": true},
			"faces": {
				"north": {"uv": [0, 0, 16, 16], "texture": "#weeds"},
				"east": {"uv": [0, 0, 0, 16], "texture": "#weeds"},
				"south": {"uv": [0, 0, 16, 16], "texture": "#weeds"},
				"west": {"uv": [0, 0, 0, 16], "texture": "#weeds"},
				"up": {"uv": [0, 0, 16, 0], "texture": "#weeds"},
				"down": {"uv": [0, 0, 16, 0], "texture": "#weeds"}
			}
		},
		{
			"name": "stones",
			"from": [0, 12.001, 0],
			"to": [16, 12.001, 16],
			"faces": {
				"up": {"uv": [0, 0, 16, 16], "texture": "#stones"}
			}
		},
		{
			"name": "block",
			"from": [0, -0.1, 0],
			"to": [16, 11.9, 16],
			"faces": {
				"north": {"uv": [0, 0, 16, 12], "texture": "#fertile_soil_side_b", "cullface": "north"},
				"east": {"uv": [0, 0, 16, 12], "texture": "#fertile_soil_side_d", "cullface": "east"},
				"south": {"uv": [0, 0, 16, 12], "texture": "#fertile_soil_side_a", "cullface": "south"},
				"west": {"uv": [0, 0, 16, 12], "texture": "#fertile_soil_side_c", "cullface": "west"},
				"up": {"uv": [0, 0, 16, 16], "texture": "#tilled_soil", "cullface": "up"},
				"down": {"uv": [0, 0, 16, 16], "texture": "#fertile_soil", "cullface": "down"}
			}
		}
	],
	"display": {
		"thirdperson_righthand": {
			"rotation": [75, 45, 0],
			"translation": [0, 2.5, 0],
			"scale": [0.375, 0.375, 0.375]
		},
		"thirdperson_lefthand": {
			"rotation": [75, 45, 0],
			"translation": [0, 2.5, 0],
			"scale": [0.375, 0.375, 0.375]
		},
		"firstperson_righthand": {
			"rotation": [0, 45, 0],
			"scale": [0.4, 0.4, 0.4]
		},
		"firstperson_lefthand": {
			"rotation": [0, 225, 0],
			"scale": [0.4, 0.4, 0.4]
		},
		"ground": {
			"translation": [0, 3, 0],
			"scale": [0.25, 0.25, 0.25]
		},
		"gui": {
			"rotation": [30, 225, 0],
			"scale": [0.625, 0.625, 0.625]
		},
		"fixed": {
			"scale": [0.5, 0.5, 0.5]
		}
	}
}