{
  "group": "phosphorite_pickaxe",
  "type": "minecraft:crafting_shaped",
  "pattern": [
    "012",
    " 4 ",
    " 7 "
  ],
  "key": {
    "0": {
      "item": "tale_of_biomes:phosphorite_gemstone"
    },
    "1": {
      "item": "tale_of_biomes:phosphorite_gemstone"
    },
    "2": {
      "item": "tale_of_biomes:phosphorite_gemstone"
    },
    "4": {
      "item": "minecraft:stick"
    },
    "7": {
      "item": "minecraft:stick"
    }
  },
  "result": {
    "item": "tale_of_biomes:phosphorite_pickaxe",
    "count": 1
  }
}