{
  "_fv": 43,
  "_type": "recipe",
  "definition": {
    "recipeType": "Crafting",
    "recipeRetstackSize": 1,
    "group": "clay_block",
    "cookingBookCategory": "MISC",
    "xpReward": 0.0,
    "cookingTime": 200,
    "craftingBookCategory": "MISC",
    "recipeShapeless": false,
    "recipeSlots": [
      {
        "value": ""
      },
      {
        "value": ""
      },
      {
        "value": ""
      },
      {
        "value": "CUSTOM:Clay"
      },
      {
        "value": "CUSTOM:Clay"
      },
      {
        "value": ""
      },
      {
        "value": "CUSTOM:Clay"
      },
      {
        "value": "CUSTOM:Clay"
      },
      {
        "value": ""
      }
    ],
    "recipeReturnStack": {
      "value": "CUSTOM:ClayBlock"
    },
    "name": "clay_block_crafting_recipe",
    "namespace": "mod"
  }
}