{
  "_fv": 43,
  "_type": "recipe",
  "definition": {
    "recipeType": "Stone cutting",
    "recipeRetstackSize": 2,
    "group": "large_brick_slab",
    "cookingBookCategory": "MISC",
    "xpReward": 0.0,
    "cookingTime": 200,
    "craftingBookCategory": "MISC",
    "recipeShapeless": false,
    "stoneCuttingInputStack": {
      "value": "CUSTOM:LargeBricks"
    },
    "stoneCuttingReturnStack": {
      "value": "CUSTOM:LargeBrickSlabs"
    },
    "name": "large_brick_slabs_stone_cutting_recipe",
    "namespace": "mod"
  }
}