{
  "_fv": 43,
  "_type": "recipe",
  "definition": {
    "recipeType": "Crafting",
    "recipeRetstackSize": 4,
    "group": "large_brick_stairs",
    "cookingBookCategory": "MISC",
    "xpReward": 0.0,
    "cookingTime": 200,
    "craftingBookCategory": "MISC",
    "recipeShapeless": false,
    "recipeSlots": [
      {
        "value": "CUSTOM:LargeBricks"
      },
      {
        "value": ""
      },
      {
        "value": ""
      },
      {
        "value": "CUSTOM:LargeBricks"
      },
      {
        "value": "CUSTOM:LargeBricks"
      },
      {
        "value": ""
      },
      {
        "value": "CUSTOM:LargeBricks"
      },
      {
        "value": "CUSTOM:LargeBricks"
      },
      {
        "value": "CUSTOM:LargeBricks"
      }
    ],
    "recipeReturnStack": {
      "value": "CUSTOM:LargeBirckStairs"
    },
    "name": "large_brick_stairs_crafting_recipe",
    "namespace": "mod"
  }
}