{
  "_fv": 43,
  "_type": "structure",
  "definition": {
    "structure": "phosphorite_crystal_small",
    "randomlyRotateStructure": false,
    "surfaceDetectionType": "First motion blocking block",
    "spawnProbability": 1000000,
    "minCountPerChunk": 1,
    "maxCountPerChunk": 1,
    "spawnLocation": "Ground",
    "spawnHeightOffset": 0,
    "spawnXOffset": 0,
    "spawnZOffset": 0,
    "spawnWorldTypes": [
      "CUSTOM:Eldenmoor"
    ],
    "restrictionBlocks": [
      {
        "value": "CUSTOM:Sand"
      }
    ],
    "restrictionBiomes": [],
    "ignoreBlocks": "STRUCTURE_BLOCK",
    "generateCondition": {
      "name": "PhosphoriteCrystalSmallAdditionalGenerationCondition"
    }
  }
}