{
  "_fv": 43,
  "_type": "biome",
  "definition": {
    "name": "Piruff Woods",
    "groundBlock": {
      "value": "CUSTOM:GrassBlock"
    },
    "undergroundBlock": {
      "value": "CUSTOM:Dirt"
    },
    "underwaterBlock": {
      "value": "CUSTOM:Sand"
    },
    "grassColor": {
      "value": -10702036,
      "falpha": 0.0
    },
    "foliageColor": {
      "value": -13140719,
      "falpha": 0.0
    },
    "waterColor": {
      "value": -6684673,
      "falpha": 0.0
    },
    "waterFogColor": {
      "value": -10040065,
      "falpha": 0.0
    },
    "ambientSound": {
      "value": ""
    },
    "additionsSound": {
      "value": ""
    },
    "music": {
      "value": ""
    },
    "moodSound": {
      "value": ""
    },
    "moodSoundDelay": 6000,
    "spawnParticles": false,
    "particleToSpawn": {
      "value": "EXPLOSION_NORMAL"
    },
    "particlesProbability": 0.5,
    "rainingPossibility": 0.5,
    "temperature": 0.5,
    "spawnBiome": false,
    "spawnInCaves": false,
    "spawnBiomeNether": false,
    "genTemperature": {
      "min": 0.0,
      "max": 0.5
    },
    "genHumidity": {
      "min": 0.0,
      "max": 0.5
    },
    "genContinentalness": {
      "min": 0.35,
      "max": 0.45
    },
    "genErosion": {
      "min": -0.5,
      "max": 0.25
    },
    "genWeirdness": {
      "min": -1.0,
      "max": 1.0
    },
    "treesPerChunk": 0,
    "vanillaTreeType": "Default",
    "treeType": 0,
    "minHeight": 7,
    "treeStem": {
      "value": ""
    },
    "treeBranch": {
      "value": ""
    },
    "treeVines": {
      "value": ""
    },
    "treeFruits": {
      "value": ""
    },
    "defaultFeatures": [
      "Caves",
      "Ores",
      "FrozenTopLayer"
    ],
    "spawnStronghold": false,
    "spawnMineshaft": false,
    "spawnMineshaftMesa": false,
    "spawnPillagerOutpost": false,
    "villageType": "none",
    "spawnWoodlandMansion": false,
    "spawnJungleTemple": false,
    "spawnDesertPyramid": false,
    "spawnSwampHut": false,
    "spawnIgloo": false,
    "spawnOceanMonument": false,
    "spawnShipwreck": false,
    "spawnShipwreckBeached": false,
    "spawnBuriedTreasure": false,
    "oceanRuinType": "NONE",
    "spawnNetherBridge": false,
    "spawnNetherFossil": false,
    "spawnBastionRemnant": false,
    "spawnEndCity": false,
    "spawnRuinedPortal": "NONE",
    "spawnEntries": []
  }
}