{
  "_fv": 43,
  "_type": "tag",
  "definition": {
    "type": "Blocks",
    "items": [],
    "blocks": [
      {
        "value": "CUSTOM:TilledSoil"
      },
      {
        "value": "CUSTOM:TilledSoilW1S0"
      },
      {
        "value": "CUSTOM:TilledSoilW1S1"
      },
      {
        "value": "CUSTOM:TilledSoilW1S2"
      },
      {
        "value": "CUSTOM:TilledSoilW1S3"
      },
      {
        "value": "CUSTOM:TilledSoilW1S4"
      },
      {
        "value": "CUSTOM:TilledSoilW2S0"
      },
      {
        "value": "CUSTOM:TilledSoilW2S1"
      },
      {
        "value": "CUSTOM:TilledSoilW2S2"
      },
      {
        "value": "CUSTOM:TilledSoilW2S3"
      },
      {
        "value": "CUSTOM:TilledSoilW2S4"
      },
      {
        "value": "CUSTOM:TilledSoilW3S0"
      },
      {
        "value": "CUSTOM:TilledSoilW3S1"
      },
      {
        "value": "CUSTOM:TilledSoilW3S2"
      },
      {
        "value": "CUSTOM:TilledSoilW3S3"
      },
      {
        "value": "CUSTOM:TilledSoilW3S4"
      },
      {
        "value": "CUSTOM:TilledSoilW4S0"
      },
      {
        "value": "CUSTOM:TilledSoilW4S1"
      },
      {
        "value": "CUSTOM:TilledSoilW4S2"
      },
      {
        "value": "CUSTOM:TilledSoilW4S3"
      },
      {
        "value": "CUSTOM:TilledSoilW4S4"
      },
      {
        "value": "CUSTOM:TilledSoilW0S1"
      },
      {
        "value": "CUSTOM:TilledSoilW0S2"
      },
      {
        "value": "CUSTOM:TilledSoilW0S3"
      },
      {
        "value": "CUSTOM:TilledSoilW0S4"
      }
    ],
    "functions": [],
    "entities": [],
    "biomes": [],
    "name": "tilled_soil",
    "namespace": "mod"
  }
}