{
  "_fv": 57,
  "_type": "tag",
  "definition": {
    "type": "Blocks",
    "items": [],
    "blocks": [
      {
        "value": "CUSTOM:KilnFurnace"
      },
      {
        "value": "CUSTOM:KilnFurnaceOn"
      },
      {
        "value": "CUSTOM:KilnLadder"
      },
      {
        "value": "CUSTOM:KilnBlockCornerBottom"
      },
      {
        "value": "CUSTOM:KilnBlockCornerCenter"
      },
      {
        "value": "CUSTOM:KilnBlockCornerTop"
      },
      {
        "value": "CUSTOM:KilnBlockMiddleBottom"
      },
      {
        "value": "CUSTOM:KilnBlockMiddleCenter"
      },
      {
        "value": "CUSTOM:KilnBlockMiddleTop"
      },
      {
        "value": "CUSTOM:KilnBlockFoundation"
      }
    ],
    "functions": [],
    "entities": [],
    "biomes": [],
    "name": "kiln",
    "namespace": "mod"
  }
}