{
  "_fv": 57,
  "_type": "tool",
  "definition": {
    "toolType": "Pickaxe",
    "renderType": 0,
    "blockingRenderType": 0,
    "texture": "phosphorite_axe",
    "customModelName": "Normal",
    "blockingModelName": "Normal blocking",
    "name": "Phosphorite Axe",
    "specialInformation": {
      "fixedValue": []
    },
    "creativeTab": {
      "value": "CUSTOM:TalesOfBiomesTab"
    },
    "harvestLevel": 3,
    "efficiency": 8.0,
    "attackSpeed": 1.0,
    "enchantability": 10,
    "damageVsEntity": 9.0,
    "usageCount": 1500,
    "blocksAffected": [],
    "repairItems": [
      {
        "value": "CUSTOM:PhosphoriteGemstone"
      }
    ],
    "immuneToFire": false,
    "stayInGridWhenCrafting": false,
    "damageOnCrafting": false
  }
}