{
  "_fv": 57,
  "_type": "tool",
  "definition": {
    "toolType": "Spade",
    "renderType": 0,
    "blockingRenderType": 0,
    "texture": "phosphorite_shovel",
    "customModelName": "Normal",
    "blockingModelName": "Normal blocking",
    "name": "Phosphorite Shovel",
    "specialInformation": {
      "fixedValue": []
    },
    "creativeTab": {
      "value": "CUSTOM:TalesOfBiomesTab"
    },
    "harvestLevel": 3,
    "efficiency": 8.0,
    "attackSpeed": 1.0,
    "enchantability": 10,
    "damageVsEntity": 2.75,
    "usageCount": 1500,
    "blocksAffected": [],
    "repairItems": [
      {
        "value": "CUSTOM:PhosphoriteGemstone"
      }
    ],
    "immuneToFire": false,
    "stayInGridWhenCrafting": false,
    "damageOnCrafting": false
  }
}