{
  "_fv": 57,
  "_type": "recipe",
  "definition": {
    "recipeType": "Blasting",
    "recipeRetstackSize": 1,
    "group": "phosphorite",
    "cookingBookCategory": "MISC",
    "xpReward": 1.0,
    "cookingTime": 100,
    "craftingBookCategory": "MISC",
    "recipeShapeless": false,
    "blastingInputStack": {
      "value": "TAG:tale_of_biomes:tools/phosphorite"
    },
    "blastingReturnStack": {
      "value": "CUSTOM:PhosphoriteGemstone"
    },
    "name": "phosphorite_blasting",
    "namespace": "mod"
  }
}