{
  "feature": "tale_of_biomes:grass_generation_two_for_plains_biomes",
  "placement": [
    {
      "type": "minecraft:count_on_every_layer",
      "count": 64
    },
    {
      "type": "minecraft:block_predicate_filter",
      "predicate": {
        "type": "minecraft:would_survive",
        "state": {
          "Name": "tale_of_biomes:tall_grass_1"
        }
      }
    },
    {
      "type": "minecraft:block_predicate_filter",
      "predicate": {
        "type": "minecraft:all_of",
        "predicates": [
          {
            "type": "minecraft:matching_blocks",
            "blocks": "minecraft:air"
          },
          {
            "type": "minecraft:matching_blocks",
            "blocks": "#tale_of_biomes:grass_placeables",
            "offset": [
              0,
              -1,
              0
            ]
          }
        ]
      }
    },
    {
      "type": "minecraft:biome"
    }
  ]
}