{
	"textures": {
		"particle": "rice_0",
		"seeds": "rice_0"
	},
	"elements": [
		{
			"name": "crops",
			"from": [0.1, -3.65, 0],
			"to": [16.1, -3.65, 16],
			"faces": {
				"up": {"uv": [0, 0, 16, 16], "texture": "#seeds"},
				"down": {"uv": [0, 16, 16, 0], "texture": "#seeds"}
			}
		}
	],
	"gui_light": "front",
	"display": {
		"thirdperson_righthand": {
			"rotation": [75, 45, 0],
			"translation": [0, 2.5, 2.25],
			"scale": [0.375, 0.375, 0.375]
		},
		"thirdperson_lefthand": {
			"rotation": [75, 45, 0],
			"translation": [0, 2.5, 2.25],
			"scale": [0.375, 0.375, 0.375]
		},
		"firstperson_righthand": {
			"rotation": [0, 45, 0],
			"translation": [0, 3, 0],
			"scale": [0.4, 0.4, 0.4]
		},
		"firstperson_lefthand": {
			"rotation": [0, 225, 0],
			"translation": [0, 3.25, 0],
			"scale": [0.4, 0.4, 0.4]
		},
		"ground": {
			"translation": [0, 3, 0],
			"scale": [0.25, 0.25, 0.25]
		},
		"gui": {
			"rotation": [90, 0, 0]
		},
		"head": {
			"translation": [0, 14.25, 0]
		},
		"fixed": {
			"scale": [0.5, 0.5, 0.5]
		}
	}
}