{
	"textures": {
		"particle": "kiln_base",
		"base": "kiln_base",
		"ladder": "kiln_ladder"
	},
	"elements": [
		{
			"name": "base",
			"from": [0, 0, 7],
			"to": [16, 16, 9],
			"faces": {
				"north": {"uv": [0, 0, 16, 16], "texture": "#base", "cullface": "north"},
				"east": {"uv": [7, 0, 9, 16], "texture": "#base", "cullface": "east"},
				"south": {"uv": [0, 0, 16, 16], "texture": "#base", "cullface": "south"},
				"west": {"uv": [7, 0, 9, 16], "texture": "#base", "cullface": "west"},
				"up": {"uv": [0, 7, 16, 9], "texture": "#base", "cullface": "up"},
				"down": {"uv": [0, 7, 16, 9], "texture": "#base", "cullface": "down"}
			}
		},
		{
			"name": "ladder_front",
			"from": [0, 0, 6.5],
			"to": [16, 16, 6.5],
			"faces": {
				"north": {"uv": [0, 0, 16, 16], "texture": "#ladder", "cullface": "north"}
			}
		},
		{
			"name": "ladder_back",
			"from": [0, 0, 9.5],
			"to": [16, 16, 9.5],
			"faces": {
				"south": {"uv": [0, 0, 16, 16], "texture": "#ladder", "cullface": "south"}
			}
		}
	],
	"display": {
		"thirdperson_righthand": {
			"rotation": [75, -45, 0],
			"translation": [0, 2.5, 0],
			"scale": [0.375, 0.375, 0.375]
		},
		"thirdperson_lefthand": {
			"rotation": [75, -45, 0],
			"translation": [0, 2.5, 0],
			"scale": [0.375, 0.375, 0.375]
		},
		"firstperson_righthand": {
			"rotation": [0, -45, 0],
			"scale": [0.4, 0.4, 0.4]
		},
		"firstperson_lefthand": {
			"rotation": [0, -45, 0],
			"scale": [0.4, 0.4, 0.4]
		},
		"ground": {
			"translation": [0, 3, 0],
			"scale": [0.25, 0.25, 0.25]
		},
		"gui": {
			"rotation": [30, 225, 0],
			"scale": [0.625, 0.625, 0.625]
		},
		"fixed": {
			"scale": [0.5, 0.5, 0.5]
		}
	}
}