{
  "_fv": 47,
  "_type": "recipe",
  "definition": {
    "recipeType": "Stone cutting",
    "recipeRetstackSize": 1,
    "group": "brick_stairs",
    "cookingBookCategory": "MISC",
    "xpReward": 0.0,
    "cookingTime": 200,
    "craftingBookCategory": "MISC",
    "recipeShapeless": false,
    "stoneCuttingInputStack": {
      "value": "CUSTOM:Bricks"
    },
    "stoneCuttingReturnStack": {
      "value": "CUSTOM:BrickStairs"
    },
    "name": "brick_stairs_stone_cutting_recipe",
    "namespace": "mod"
  }
}