{
  "_fv": 47,
  "_type": "recipe",
  "definition": {
    "recipeType": "Crafting",
    "recipeRetstackSize": 6,
    "group": "slabs",
    "cookingBookCategory": "MISC",
    "xpReward": 0.0,
    "cookingTime": 200,
    "craftingBookCategory": "BUILDING",
    "recipeShapeless": false,
    "recipeSlots": [
      {
        "value": ""
      },
      {
        "value": ""
      },
      {
        "value": ""
      },
      {
        "value": ""
      },
      {
        "value": ""
      },
      {
        "value": ""
      },
      {
        "value": "CUSTOM:PiruffPlanks"
      },
      {
        "value": "CUSTOM:PiruffPlanks"
      },
      {
        "value": "CUSTOM:PiruffPlanks"
      }
    ],
    "recipeReturnStack": {
      "value": "CUSTOM:PiruffSlab"
    },
    "name": "crafting_piruff_slab",
    "namespace": "mod"
  }
}