{
  "_fv": 47,
  "_type": "feature",
  "definition": {
    "generationStep": "TOP_LAYER_MODIFICATION",
    "restrictionDimensions": [
      "CUSTOM:Eldenmoor"
    ],
    "restrictionBiomes": [
      {
        "value": "CUSTOM:FlowerPlains"
      },
      {
        "value": "CUSTOM:GrassPlains"
      },
      {
        "value": "CUSTOM:FlowerShrubPlains"
      },
      {
        "value": "CUSTOM:GrassShrubPlains"
      }
    ],
    "featurexml": "<?xml version=\"1.0\" encoding=\"UTF-8\" standalone=\"no\"?><xml xmlns=\"https://developers.google.com/blockly/xml\"><block deletable=\"false\" type=\"feature_container\" x=\"40\" y=\"40\"><value name=\"feature\"><block type=\"feature_simple_block\"><value name=\"block\"><block type=\"mcitem_allblocks\"><field name=\"value\">CUSTOM:TallGrass2</field></block></value></block></value><next><block type=\"placement_count_on_every_layer\"><value name=\"count\"><block type=\"int_provider_constant\"><field name=\"value\">64</field></block></value><next><block type=\"placement_block_survival_filter\"><value name=\"block\"><block type=\"mcitem_allblocks\"><field name=\"value\">CUSTOM:TallGrass2</field></block></value><next><block type=\"placement_block_predicate_filter\"><value name=\"condition\"><block type=\"block_predicate_all_of\"><mutation xmlns=\"http://www.w3.org/1999/xhtml\" inputs=\"2\"/><value name=\"condition0\"><block type=\"block_predicate_is_air\"/></value><value name=\"condition1\"><block type=\"block_predicate_matching_blocks\"><field name=\"x\">0</field><field name=\"y\">-1</field><field name=\"z\">0</field><value name=\"blockSet\"><block type=\"block_holderset_tag\"><field name=\"tag\">tale_of_biomes:grass_placeables</field></block></value></block></value></block></value><next><block type=\"placement_biome_filter\"/></next></block></next></block></next></block></next></block></xml>"
  }
}