{
  "_fv": 47,
  "_type": "gui",
  "definition": {
    "type": 1,
    "width": 176,
    "height": 166,
    "inventoryOffsetX": 0,
    "inventoryOffsetY": 0,
    "renderBgLayer": true,
    "doesPauseGame": false,
    "components": [
      {
        "type": "inputslot",
        "data": {
          "inputLimit": {
            "value": ""
          },
          "disablePlacement": {
            "fixedValue": true
          },
          "id": 0,
          "disablePickup": {
            "fixedValue": true
          },
          "dropItemsWhenNotBound": false,
          "x": 150,
          "y": 53
        }
      },
      {
        "type": "inputslot",
        "data": {
          "inputLimit": {
            "value": ""
          },
          "disablePlacement": {
            "fixedValue": true
          },
          "id": 1,
          "disablePickup": {
            "fixedValue": true
          },
          "dropItemsWhenNotBound": false,
          "x": 168,
          "y": 53
        }
      },
      {
        "type": "inputslot",
        "data": {
          "inputLimit": {
            "value": ""
          },
          "disablePlacement": {
            "fixedValue": true
          },
          "id": 2,
          "disablePickup": {
            "fixedValue": true
          },
          "dropItemsWhenNotBound": false,
          "x": 186,
          "y": 53
        }
      },
      {
        "type": "inputslot",
        "data": {
          "inputLimit": {
            "value": ""
          },
          "disablePlacement": {
            "fixedValue": true
          },
          "id": 3,
          "disablePickup": {
            "fixedValue": true
          },
          "dropItemsWhenNotBound": false,
          "x": 150,
          "y": 71
        }
      },
      {
        "type": "inputslot",
        "data": {
          "inputLimit": {
            "value": ""
          },
          "disablePlacement": {
            "fixedValue": true
          },
          "id": 4,
          "disablePickup": {
            "fixedValue": true
          },
          "dropItemsWhenNotBound": false,
          "x": 168,
          "y": 71
        }
      },
      {
        "type": "inputslot",
        "data": {
          "inputLimit": {
            "value": ""
          },
          "disablePlacement": {
            "fixedValue": true
          },
          "id": 5,
          "disablePickup": {
            "fixedValue": true
          },
          "dropItemsWhenNotBound": false,
          "x": 186,
          "y": 71
        }
      },
      {
        "type": "inputslot",
        "data": {
          "inputLimit": {
            "value": ""
          },
          "disablePlacement": {
            "fixedValue": true
          },
          "id": 6,
          "disablePickup": {
            "fixedValue": true
          },
          "dropItemsWhenNotBound": false,
          "x": 150,
          "y": 89
        }
      },
      {
        "type": "inputslot",
        "data": {
          "inputLimit": {
            "value": ""
          },
          "disablePlacement": {
            "fixedValue": true
          },
          "id": 7,
          "disablePickup": {
            "fixedValue": true
          },
          "dropItemsWhenNotBound": false,
          "x": 168,
          "y": 89
        }
      },
      {
        "type": "inputslot",
        "data": {
          "inputLimit": {
            "value": ""
          },
          "disablePlacement": {
            "fixedValue": true
          },
          "id": 8,
          "disablePickup": {
            "fixedValue": true
          },
          "dropItemsWhenNotBound": false,
          "x": 186,
          "y": 89
        }
      },
      {
        "type": "imagebutton",
        "data": {
          "name": "imagebutton_kiln_power_button",
          "image": "kiln_power_button.png",
          "hoveredImage": "kiln_power_button_hover.png",
          "onClick": {
            "name": "KlinScreenToggleBlockOnOff"
          },
          "x": 240,
          "y": 89
        }
      },
      {
        "type": "image",
        "data": {
          "image": "kiln_tube_h_off.png",
          "use1Xscale": false,
          "displayCondition": {
            "name": "KilnScreenLightOffCondition"
          },
          "x": 204,
          "y": 95
        }
      },
      {
        "type": "image",
        "data": {
          "image": "kiln_tube_h.png",
          "use1Xscale": false,
          "displayCondition": {
            "name": "KilnScreenLightOnCondition"
          },
          "x": 204,
          "y": 95
        }
      },
      {
        "type": "image",
        "data": {
          "image": "kiln_tube_v_off.png",
          "use1Xscale": false,
          "displayCondition": {
            "name": "KilnScreenLightOffCondition"
          },
          "x": 246,
          "y": 71
        }
      },
      {
        "type": "image",
        "data": {
          "image": "kiln_tube_v.png",
          "use1Xscale": false,
          "displayCondition": {
            "name": "KilnScreenLightOnCondition"
          },
          "x": 246,
          "y": 71
        }
      },
      {
        "type": "outputslot",
        "data": {
          "id": 9,
          "disablePickup": {
            "fixedValue": false
          },
          "dropItemsWhenNotBound": false,
          "x": 240,
          "y": 53
        }
      },
      {
        "type": "image",
        "data": {
          "image": "kiln_light_off.png",
          "use1Xscale": false,
          "displayCondition": {
            "name": "KilnScreenLightOffCondition"
          },
          "x": 285,
          "y": 44
        }
      },
      {
        "type": "image",
        "data": {
          "image": "kiln_light_on.png",
          "use1Xscale": false,
          "displayCondition": {
            "name": "KilnScreenLightOnCondition"
          },
          "x": 285,
          "y": 44
        }
      },
      {
        "type": "label",
        "data": {
          "name": "label_kiln_furnace",
          "text": {
            "fixedValue": "Kiln Furnace"
          },
          "color": {
            "value": -12829636,
            "falpha": 0.0
          },
          "x": 132,
          "y": 43
        }
      },
      {
        "type": "label",
        "data": {
          "name": "label_inventory",
          "text": {
            "fixedValue": "Inventory"
          },
          "color": {
            "value": -12829636,
            "falpha": 0.0
          },
          "x": 132,
          "y": 110
        }
      }
    ],
    "onTick": {
      "name": "KilnScreenWhileThisGUIIsOpenTick"
    },
    "gridSettings": {
      "sx": 18,
      "sy": 18,
      "ox": 11,
      "oy": 15,
      "snapOnGrid": false
    }
  }
}