{
  "_fv": 47,
  "_type": "tool",
  "definition": {
    "toolType": "Hoe",
    "renderType": 0,
    "texture": "phosphorite_hoe",
    "customModelName": "Normal",
    "name": "Phosphorite Hoe",
    "specialInfo": [],
    "creativeTab": {
      "value": "CUSTOM:TalesOfBiomesTab"
    },
    "harvestLevel": 3,
    "efficiency": 8.0,
    "attackSpeed": 4.0,
    "enchantability": 10,
    "damageVsEntity": 1.0,
    "usageCount": 1500,
    "blocksAffected": [],
    "hasGlow": false,
    "repairItems": [
      {
        "value": "CUSTOM:PhosphoriteGemstone"
      }
    ],
    "immuneToFire": false,
    "stayInGridWhenCrafting": false,
    "damageOnCrafting": false
  }
}