{
  "_fv": 47,
  "_type": "structure",
  "definition": {
    "structure": "small_piruff_tree_south",
    "randomlyRotateStructure": false,
    "surfaceDetectionType": "First block",
    "spawnProbability": 1000000,
    "minCountPerChunk": 1,
    "maxCountPerChunk": 1,
    "spawnLocation": "Ground",
    "spawnHeightOffset": 1,
    "spawnXOffset": 0,
    "spawnZOffset": 0,
    "spawnWorldTypes": [
      "CUSTOM:Eldenmoor"
    ],
    "restrictionBlocks": [
      {
        "value": "CUSTOM:GrassBlock"
      },
      {
        "value": "CUSTOM:Dirt"
      }
    ],
    "restrictionBiomes": [
      {
        "value": "CUSTOM:PiruffForest"
      }
    ],
    "ignoreBlocks": "STRUCTURE_BLOCK",
    "generateCondition": {
      "name": "SmallPiruffTreeAdditionalGenerationCondition"
    }
  }
}