{
  "_fv": 47,
  "_type": "tag",
  "definition": {
    "type": "Blocks",
    "items": [],
    "blocks": [
      {
        "value": "CUSTOM:BlueAster"
      },
      {
        "value": "CUSTOM:PurpleAster"
      },
      {
        "value": "CUSTOM:MagentaAster"
      },
      {
        "value": "CUSTOM:Goldenrod"
      },
      {
        "value": "CUSTOM:WildIndigo"
      },
      {
        "value": "CUSTOM:TallGrass0"
      },
      {
        "value": "CUSTOM:TallGrass1"
      },
      {
        "value": "CUSTOM:TallGrass2"
      },
      {
        "value": "Blocks.AIR"
      },
      {
        "value": "Blocks.VOID_AIR"
      },
      {
        "value": "Blocks.CAVE_AIR"
      }
    ],
    "functions": [],
    "entities": [],
    "biomes": [],
    "name": "structure/shub/air",
    "namespace": "tale_of_biomes"
  }
}