{
  "_fv": 47,
  "_type": "tag",
  "definition": {
    "type": "Items",
    "items": [
      {
        "value": "CUSTOM:PhosphoritePickaxe"
      },
      {
        "value": "CUSTOM:PhosphoriteAxe"
      },
      {
        "value": "CUSTOM:PhosphoriteShovel"
      },
      {
        "value": "CUSTOM:PhosphoriteHoe"
      },
      {
        "value": "CUSTOM:PhosphoriteSword"
      }
    ],
    "blocks": [],
    "functions": [],
    "entities": [],
    "biomes": [],
    "name": "tools/phosphorite",
    "namespace": "tale_of_biomes"
  }
}