{
	"textures": {
		"particle": "ivy_shrub",
		"base": "ivy_shrub",
		"leaves": "ivy_shrub_overlay"
	},
	"elements": [
		{
			"name": "base",
			"from": [0, 0, 0],
			"to": [16, 16, 16],
			"faces": {
				"north": {"uv": [0, 0, 16, 16], "texture": "#base", "cullface": "north"},
				"east": {"uv": [0, 0, 16, 16], "texture": "#base", "cullface": "east"},
				"south": {"uv": [0, 0, 16, 16], "texture": "#base", "cullface": "south"},
				"west": {"uv": [0, 0, 16, 16], "texture": "#base", "cullface": "west"},
				"up": {"uv": [0, 0, 16, 16], "texture": "#base", "cullface": "up"},
				"down": {"uv": [0, 0, 16, 16], "texture": "#base", "cullface": "down"}
			}
		},
		{
			"name": "leaves1",
			"from": [-2, 0.2, -2],
			"to": [18, 0.2, 18],
			"faces": {
				"north": {"uv": [0, 0, 16, 0], "texture": "#leaves"},
				"east": {"uv": [0, 0, 16, 0], "texture": "#leaves"},
				"south": {"uv": [0, 0, 16, 0], "texture": "#leaves"},
				"west": {"uv": [0, 0, 16, 0], "texture": "#leaves"},
				"up": {"uv": [0, 0, 16, 16], "texture": "#leaves"},
				"down": {"uv": [0, 0, 16, 16], "texture": "#leaves", "cullface": "down"}
			}
		},
		{
			"name": "leaves2",
			"from": [-2, 15.9, -2],
			"to": [18, 15.9, 18],
			"faces": {
				"north": {"uv": [0, 0, 16, 0], "texture": "#leaves"},
				"east": {"uv": [0, 0, 16, 0], "texture": "#leaves"},
				"south": {"uv": [0, 0, 16, 0], "texture": "#leaves"},
				"west": {"uv": [0, 0, 16, 0], "texture": "#leaves"},
				"up": {"uv": [0, 0, 16, 16], "texture": "#leaves", "cullface": "up"},
				"down": {"uv": [0, 0, 16, 16], "texture": "#leaves"}
			}
		},
		{
			"name": "leaves3",
			"from": [0.2, -2, -2],
			"to": [0.2, 18, 18],
			"faces": {
				"north": {"uv": [0, 0, 0, 16], "texture": "#leaves"},
				"east": {"uv": [0, 0, 16, 16], "texture": "#leaves"},
				"south": {"uv": [0, 0, 0, 16], "texture": "#leaves"},
				"west": {"uv": [0, 0, 16, 16], "texture": "#leaves", "cullface": "west"},
				"up": {"uv": [0, 0, 0, 16], "texture": "#leaves"},
				"down": {"uv": [0, 0, 0, 16], "texture": "#leaves"}
			}
		},
		{
			"name": "leaves4",
			"from": [15.9, -2, -2],
			"to": [15.9, 18, 18],
			"faces": {
				"north": {"uv": [0, 0, 0, 16], "texture": "#leaves"},
				"east": {"uv": [0, 0, 16, 16], "texture": "#leaves", "cullface": "east"},
				"south": {"uv": [0, 0, 0, 16], "texture": "#leaves"},
				"west": {"uv": [0, 0, 16, 16], "texture": "#leaves"},
				"up": {"uv": [0, 0, 0, 16], "texture": "#leaves"},
				"down": {"uv": [0, 0, 0, 16], "texture": "#leaves"}
			}
		},
		{
			"name": "leaves5",
			"from": [-2, -2, 15.9],
			"to": [18, 18, 15.9],
			"faces": {
				"north": {"uv": [0, 0, 16, 16], "texture": "#leaves"},
				"east": {"uv": [0, 0, 0, 16], "texture": "#leaves"},
				"south": {"uv": [0, 0, 16, 16], "texture": "#leaves", "cullface": "south"},
				"west": {"uv": [0, 0, 0, 16], "texture": "#leaves"},
				"up": {"uv": [0, 0, 16, 0], "texture": "#leaves"},
				"down": {"uv": [0, 0, 16, 0], "texture": "#leaves"}
			}
		},
		{
			"name": "leaves6",
			"from": [-2, -2, 0.2],
			"to": [18, 18, 0.2],
			"faces": {
				"north": {"uv": [0, 0, 16, 16], "texture": "#leaves", "cullface": "north"},
				"east": {"uv": [0, 0, 0, 16], "texture": "#leaves"},
				"south": {"uv": [0, 0, 16, 16], "texture": "#leaves"},
				"west": {"uv": [0, 0, 0, 16], "texture": "#leaves"},
				"up": {"uv": [0, 0, 16, 0], "texture": "#leaves"},
				"down": {"uv": [0, 0, 16, 0], "texture": "#leaves"}
			}
		}
	],
	"display": {
		"thirdperson_righthand": {
			"rotation": [75, 45, 0],
			"translation": [0, 2.5, 0],
			"scale": [0.375, 0.375, 0.375]
		},
		"thirdperson_lefthand": {
			"rotation": [75, 45, 0],
			"translation": [0, 2.5, 0],
			"scale": [0.375, 0.375, 0.375]
		},
		"firstperson_righthand": {
			"rotation": [0, 45, 0],
			"scale": [0.4, 0.4, 0.4]
		},
		"firstperson_lefthand": {
			"rotation": [0, 225, 0],
			"scale": [0.4, 0.4, 0.4]
		},
		"ground": {
			"translation": [0, 3, 0],
			"scale": [0.25, 0.25, 0.25]
		},
		"gui": {
			"rotation": [30, 225, 0],
			"scale": [0.625, 0.625, 0.625]
		},
		"fixed": {
			"scale": [0.5, 0.5, 0.5]
		}
	}
}